<?xml version="1.0" encoding="UTF-8" standalone="yes"?>
<addon id="plugin.video.moods" name="moods.digital" version="0.1.0" provider-name="t0mm0">
    <requires>
        <import addon="xbmc.python" version="3.0.0"/>
        <import addon="script.module.routing" version="0.2.3"/>
        <import addon="script.module.requests" version="2.12.4"/>
        <import addon="script.module.inputstreamhelper" version="0.4.2"/>
    </requires>
    <extension point="xbmc.python.pluginsource" library="main.py">
        <provides>video</provides>
    </extension>
    <extension point="xbmc.addon.metadata">
        <summary lang="en_GB">Play concerts from moods.digital</summary>
        <description lang="en_GB">Play concerts from moods.digital</description>
        <language>en</language>
        <platform>all</platform>
        <license>GPL-3.0</license>
        <website>http://moods.digital</website>
        <email>dev@onairsoftware.co.uk</email>
        <disclaimer lang="en_GB">The plugin is unofficial and not endorsed by moods.digital.</disclaimer>
        <assets>
            <icon>resources/icon.png</icon>
            <fanart>resources/fanart.jpg</fanart>
        </assets>
    </extension>
</addon>
