<?xml version="1" encoding="UTF-8" standalone="yes"?>
<addon id="plugin.audio.stendersmusic" version="0.0.5" name="Stenders Music Service" provider-name="[COLOR blue][B]Blue Sun Corporation[/B][/COLOR]">
	<requires>
		<import addon="xbmc.python" version="3.0.0"/>
		<import addon="script.module.kodi-six" />
	</requires>
	<extension point="xbmc.python.pluginsource" library="start.py">
		<provides>audio</provides>
	</extension>
	<extension point="xbmc.addon.metadata">
		<summary lang="nl_NL">Stenders Music Service radiostreams plugin</summary>
		<description lang="nl_NL">Luister eenvoudig naar alle Stenders radiostreams, voor mensen met elastieke oren. De Stenders Music Service add-on bevat enkel openbare radiostreams. Mist u een stream? Laat het ons weten op github.</description>
		<disclaimer lang="da_DK">Stenders Music Service udbydes som det er. Vi påtager os intet ansvar for mulige (men højst usandsynlige) skader forårsaget på dit system. Vi tager heller ikke ansvar for det indhold, der kan ses ved hjælp af dette add-on eller eventuelle konsekvenser af at bruge dette add-on til at se indhold via indholdsudbydernes platforme.</disclaimer>
        	<disclaimer lang="en_GB">Stenders Music Service is provided as is. We do not take any responsibility for possible (but highly unlikely) damage caused to your system. Nor do we take responsibility for the content that can be watched using this add-on or any consequences of using this add-on to watch content via the content providers&apos; platforms.</disclaimer>
        	<disclaimer lang="en_US">Stenders Music Service is provided as is. We do not take any responsibility for possible (but highly unlikely) damage caused to your system. Nor do we take responsibility for the content that can be watched using this add-on or any consequences of using this add-on to watch content via the content providers&apos; platforms.</disclaimer>
       		<disclaimer lang="es_MX">Stenders Music Service se proporciona tal cual. No asumimos ninguna responsabilidad por posibles (pero muy poco probables) daños causados a tu sistema. Tampoco nos hacemos responsables del contenido que se puede ver con este complemento ni de las consecuencias del uso de este complemento para ver contenido a través de las plataformas de los proveedores de contenido.</disclaimer>
        	<disclaimer lang="nl_NL">Stenders Music Service wordt aangeleverd zoals het is. Wij aanvaarden geen enkele verantwoordelijkheid voor mogelijke (maar hoogst onwaarschijnlijke) schade aan je systeem. Evenmin nemen wij verantwoordelijkheid voor de content van de contentaanbieders die kan worden bekeken met behulp van deze add-on of eventuele gevolgen van het bekijken van deze content.</disclaimer>
        	<disclaimer lang="ru_RU">Stenders Music Service предоставляется как есть. Мы не несем ответственности за возможные (но маловероятные) повреждения вашей системы. Мы также не несем ответственности за контент, который можно просматривать с помощью этого дополнения, или за любые последствия использования дополнения для просмотра через платформы поставщиков контента.</disclaimer>
        	<disclaimer lang="sv_SE">Stenders Music Service tillgängliggörs i befintligt skick. Vi tar inget som helst ansvar för möjliga (men högst osannolika) skador på ditt system. Vi tar inte heller ansvar för innehållet som kan ses med detta tillägg eller konsekvenser av att använda tillägget för att se innehållet via innehållsleverantörernas plattformar.</disclaimer>
		<language>nl</language>
		<platform>all</platform>
		<license>GPL-3.0-or-later</license>
		<website>https://github.io/</website>
		<source>https://github.com/Son-of-Cronus/plugin.audio.stendersmusic</source>
		<news>[B]Releasenotes V0.0.5 (7 September 2021)[/B]
		[COLOR green]Toegevoegd: XL Alternative[/COLOR]
		[COLOR red] Verwijderd: KX Edge[/COLOR]
		[B]Releasenotes V0.0.4 (4 September 2021)[/B]	
		[COLOR orange]Gewijzigd: Update naar Kodi v19+ Matrix en Python 3[/COLOR]
		[COLOR red] Verwijderd: Freakolympics[/COLOR]
		[B]Releasenotes V0.0.3 (26 Augustus 2021)[/B]
		[COLOR orange]Gewijzigd: Code en folder optimalisatie voor python 3 upgrade[/COLOR]
		[B]Releasenotes V0.0.2 (16 Augustus 2021)[/B]
		[COLOR orange]Gewijzigd: Radio Veronica[/COLOR]
		[B]Releasenotes V0.0.1 (27 Januari 2021)[/B]
		[COLOR green]Toegevoegd: Stenders Music Service
		Toegevoegd: IceRadio[/COLOR]</news>
        	<assets>
			<icon>resources/icon.png</icon>
            		<fanart>resources/fanart.jpeg</fanart>
            		<logo>resources/logo.png</logo>
        	</assets>
	</extension>
</addon>
